object_name,path,object_size,object_type,parent_directory
.git,C:\Users\homei\OneDrive\Рабочий стол\DeepPythonLection,179303,directory,Рабочий стол
homework_1,C:\Users\homei\OneDrive\Рабочий стол\DeepPythonLection,3540,directory,Рабочий стол
homework_2,C:\Users\homei\OneDrive\Рабочий стол\DeepPythonLection,7270,directory,Рабочий стол
homework_3,C:\Users\homei\OneDrive\Рабочий стол\DeepPythonLection,10645,directory,Рабочий стол
homework_4,C:\Users\homei\OneDrive\Рабочий стол\DeepPythonLection,4727,directory,Рабочий стол
homework_5,C:\Users\homei\OneDrive\Рабочий стол\DeepPythonLection,1917,directory,Рабочий стол
homework_6,C:\Users\homei\OneDrive\Рабочий стол\DeepPythonLection,16724,directory,Рабочий стол
homework_7,C:\Users\homei\OneDrive\Рабочий стол\DeepPythonLection,23168,directory,Рабочий стол
homework_8,C:\Users\homei\OneDrive\Рабочий стол\DeepPythonLection,25052,directory,Рабочий стол
new,C:\Users\homei\OneDrive\Рабочий стол\DeepPythonLection,25491,directory,Рабочий стол
package_sem_6,C:\Users\homei\OneDrive\Рабочий стол\DeepPythonLection,12483,directory,Рабочий стол
rezult,C:\Users\homei\OneDrive\Рабочий стол\DeepPythonLection,71124,directory,Рабочий стол
data.csv,C:\Users\homei\OneDrive\Рабочий стол\DeepPythonLection,198,file,DeepPythonLection
data.json,C:\Users\homei\OneDrive\Рабочий стол\DeepPythonLection,142,file,DeepPythonLection
data.txt,C:\Users\homei\OneDrive\Рабочий стол\DeepPythonLection,121,file,DeepPythonLection
data1.json,C:\Users\homei\OneDrive\Рабочий стол\DeepPythonLection,240,file,DeepPythonLection
data2.json,C:\Users\homei\OneDrive\Рабочий стол\DeepPythonLection,418,file,DeepPythonLection
lection_2.py,C:\Users\homei\OneDrive\Рабочий стол\DeepPythonLection,91,file,DeepPythonLection
result.csv,C:\Users\homei\OneDrive\Рабочий стол\DeepPythonLection,0,file,DeepPythonLection
result.json,C:\Users\homei\OneDrive\Рабочий стол\DeepPythonLection,0,file,DeepPythonLection
result.pickle,C:\Users\homei\OneDrive\Рабочий стол\DeepPythonLection,0,file,DeepPythonLection
sem8_output.json,C:\Users\homei\OneDrive\Рабочий стол\DeepPythonLection,989,file,DeepPythonLection
sem8_output.pickle,C:\Users\homei\OneDrive\Рабочий стол\DeepPythonLection,541,file,DeepPythonLection
seminar_1.py,C:\Users\homei\OneDrive\Рабочий стол\DeepPythonLection,3123,file,DeepPythonLection
seminar_2.py,C:\Users\homei\OneDrive\Рабочий стол\DeepPythonLection,6955,file,DeepPythonLection
seminar_3.py,C:\Users\homei\OneDrive\Рабочий стол\DeepPythonLection,6510,file,DeepPythonLection
seminar_4.py,C:\Users\homei\OneDrive\Рабочий стол\DeepPythonLection,8263,file,DeepPythonLection
seminar_5.py,C:\Users\homei\OneDrive\Рабочий стол\DeepPythonLection,6704,file,DeepPythonLection
seminar_6.py,C:\Users\homei\OneDrive\Рабочий стол\DeepPythonLection,6172,file,DeepPythonLection
seminar_7.py,C:\Users\homei\OneDrive\Рабочий стол\DeepPythonLection,12159,file,DeepPythonLection
seminar_8.py,C:\Users\homei\OneDrive\Рабочий стол\DeepPythonLection,5735,file,DeepPythonLection
task5_users.json,C:\Users\homei\OneDrive\Рабочий стол\DeepPythonLection,240,file,DeepPythonLection
task5_users.pickle,C:\Users\homei\OneDrive\Рабочий стол\DeepPythonLection,118,file,DeepPythonLection
task_1.txt,C:\Users\homei\OneDrive\Рабочий стол\DeepPythonLection,325,file,DeepPythonLection
task_2.txt,C:\Users\homei\OneDrive\Рабочий стол\DeepPythonLection,130,file,DeepPythonLection
task_3.txt,C:\Users\homei\OneDrive\Рабочий стол\DeepPythonLection,474,file,DeepPythonLection
users.csv,C:\Users\homei\OneDrive\Рабочий стол\DeepPythonLection,34,file,DeepPythonLection
users.json,C:\Users\homei\OneDrive\Рабочий стол\DeepPythonLection,128,file,DeepPythonLection
users.pickle,C:\Users\homei\OneDrive\Рабочий стол\DeepPythonLection,77,file,DeepPythonLection
hooks,C:\Users\homei\OneDrive\Рабочий стол\DeepPythonLection\.git,23513,directory,DeepPythonLection
info,C:\Users\homei\OneDrive\Рабочий стол\DeepPythonLection\.git,240,directory,DeepPythonLection
logs,C:\Users\homei\OneDrive\Рабочий стол\DeepPythonLection\.git,6388,directory,DeepPythonLection
objects,C:\Users\homei\OneDrive\Рабочий стол\DeepPythonLection\.git,140352,directory,DeepPythonLection
refs,C:\Users\homei\OneDrive\Рабочий стол\DeepPythonLection\.git,82,directory,DeepPythonLection
COMMIT_EDITMSG,C:\Users\homei\OneDrive\Рабочий стол\DeepPythonLection\.git,9,file,.git
config,C:\Users\homei\OneDrive\Рабочий стол\DeepPythonLection\.git,312,file,.git
description,C:\Users\homei\OneDrive\Рабочий стол\DeepPythonLection\.git,73,file,.git
HEAD,C:\Users\homei\OneDrive\Рабочий стол\DeepPythonLection\.git,21,file,.git
index,C:\Users\homei\OneDrive\Рабочий стол\DeepPythonLection\.git,8313,file,.git
applypatch-msg.sample,C:\Users\homei\OneDrive\Рабочий стол\DeepPythonLection\.git\hooks,478,file,hooks
commit-msg.sample,C:\Users\homei\OneDrive\Рабочий стол\DeepPythonLection\.git\hooks,896,file,hooks
fsmonitor-watchman.sample,C:\Users\homei\OneDrive\Рабочий стол\DeepPythonLection\.git\hooks,4726,file,hooks
post-update.sample,C:\Users\homei\OneDrive\Рабочий стол\DeepPythonLection\.git\hooks,189,file,hooks
pre-applypatch.sample,C:\Users\homei\OneDrive\Рабочий стол\DeepPythonLection\.git\hooks,424,file,hooks
pre-commit.sample,C:\Users\homei\OneDrive\Рабочий стол\DeepPythonLection\.git\hooks,1643,file,hooks
pre-merge-commit.sample,C:\Users\homei\OneDrive\Рабочий стол\DeepPythonLection\.git\hooks,416,file,hooks
pre-push.sample,C:\Users\homei\OneDrive\Рабочий стол\DeepPythonLection\.git\hooks,1374,file,hooks
pre-rebase.sample,C:\Users\homei\OneDrive\Рабочий стол\DeepPythonLection\.git\hooks,4898,file,hooks
pre-receive.sample,C:\Users\homei\OneDrive\Рабочий стол\DeepPythonLection\.git\hooks,544,file,hooks
prepare-commit-msg.sample,C:\Users\homei\OneDrive\Рабочий стол\DeepPythonLection\.git\hooks,1492,file,hooks
push-to-checkout.sample,C:\Users\homei\OneDrive\Рабочий стол\DeepPythonLection\.git\hooks,2783,file,hooks
update.sample,C:\Users\homei\OneDrive\Рабочий стол\DeepPythonLection\.git\hooks,3650,file,hooks
exclude,C:\Users\homei\OneDrive\Рабочий стол\DeepPythonLection\.git\info,240,file,info
refs,C:\Users\homei\OneDrive\Рабочий стол\DeepPythonLection\.git\logs,3732,directory,.git
HEAD,C:\Users\homei\OneDrive\Рабочий стол\DeepPythonLection\.git\logs,2656,file,logs
heads,C:\Users\homei\OneDrive\Рабочий стол\DeepPythonLection\.git\logs\refs,2481,directory,logs
remotes,C:\Users\homei\OneDrive\Рабочий стол\DeepPythonLection\.git\logs\refs,1251,directory,logs
main,C:\Users\homei\OneDrive\Рабочий стол\DeepPythonLection\.git\logs\refs\heads,2481,file,heads
origin,C:\Users\homei\OneDrive\Рабочий стол\DeepPythonLection\.git\logs\refs\remotes,1251,directory,refs
main,C:\Users\homei\OneDrive\Рабочий стол\DeepPythonLection\.git\logs\refs\remotes\origin,1251,file,origin
01,C:\Users\homei\OneDrive\Рабочий стол\DeepPythonLection\.git\objects,2938,directory,.git
04,C:\Users\homei\OneDrive\Рабочий стол\DeepPythonLection\.git\objects,199,directory,.git
07,C:\Users\homei\OneDrive\Рабочий стол\DeepPythonLection\.git\objects,3397,directory,.git
08,C:\Users\homei\OneDrive\Рабочий стол\DeepPythonLection\.git\objects,225,directory,.git
09,C:\Users\homei\OneDrive\Рабочий стол\DeepPythonLection\.git\objects,462,directory,.git
0a,C:\Users\homei\OneDrive\Рабочий стол\DeepPythonLection\.git\objects,744,directory,.git
0d,C:\Users\homei\OneDrive\Рабочий стол\DeepPythonLection\.git\objects,1528,directory,.git
0f,C:\Users\homei\OneDrive\Рабочий стол\DeepPythonLection\.git\objects,308,directory,.git
10,C:\Users\homei\OneDrive\Рабочий стол\DeepPythonLection\.git\objects,3559,directory,.git
13,C:\Users\homei\OneDrive\Рабочий стол\DeepPythonLection\.git\objects,564,directory,.git
16,C:\Users\homei\OneDrive\Рабочий стол\DeepPythonLection\.git\objects,291,directory,.git
18,C:\Users\homei\OneDrive\Рабочий стол\DeepPythonLection\.git\objects,158,directory,.git
1a,C:\Users\homei\OneDrive\Рабочий стол\DeepPythonLection\.git\objects,253,directory,.git
1b,C:\Users\homei\OneDrive\Рабочий стол\DeepPythonLection\.git\objects,871,directory,.git
1d,C:\Users\homei\OneDrive\Рабочий стол\DeepPythonLection\.git\objects,215,directory,.git
1e,C:\Users\homei\OneDrive\Рабочий стол\DeepPythonLection\.git\objects,642,directory,.git
24,C:\Users\homei\OneDrive\Рабочий стол\DeepPythonLection\.git\objects,3229,directory,.git
25,C:\Users\homei\OneDrive\Рабочий стол\DeepPythonLection\.git\objects,52,directory,.git
29,C:\Users\homei\OneDrive\Рабочий стол\DeepPythonLection\.git\objects,1765,directory,.git
2b,C:\Users\homei\OneDrive\Рабочий стол\DeepPythonLection\.git\objects,3876,directory,.git
2d,C:\Users\homei\OneDrive\Рабочий стол\DeepPythonLection\.git\objects,107,directory,.git
2e,C:\Users\homei\OneDrive\Рабочий стол\DeepPythonLection\.git\objects,6665,directory,.git
30,C:\Users\homei\OneDrive\Рабочий стол\DeepPythonLection\.git\objects,156,directory,.git
34,C:\Users\homei\OneDrive\Рабочий стол\DeepPythonLection\.git\objects,107,directory,.git
35,C:\Users\homei\OneDrive\Рабочий стол\DeepPythonLection\.git\objects,1608,directory,.git
37,C:\Users\homei\OneDrive\Рабочий стол\DeepPythonLection\.git\objects,145,directory,.git
3a,C:\Users\homei\OneDrive\Рабочий стол\DeepPythonLection\.git\objects,97,directory,.git
46,C:\Users\homei\OneDrive\Рабочий стол\DeepPythonLection\.git\objects,87,directory,.git
47,C:\Users\homei\OneDrive\Рабочий стол\DeepPythonLection\.git\objects,3125,directory,.git
4a,C:\Users\homei\OneDrive\Рабочий стол\DeepPythonLection\.git\objects,800,directory,.git
4c,C:\Users\homei\OneDrive\Рабочий стол\DeepPythonLection\.git\objects,3841,directory,.git
50,C:\Users\homei\OneDrive\Рабочий стол\DeepPythonLection\.git\objects,3699,directory,.git
52,C:\Users\homei\OneDrive\Рабочий стол\DeepPythonLection\.git\objects,4304,directory,.git
54,C:\Users\homei\OneDrive\Рабочий стол\DeepPythonLection\.git\objects,80,directory,.git
56,C:\Users\homei\OneDrive\Рабочий стол\DeepPythonLection\.git\objects,3154,directory,.git
5b,C:\Users\homei\OneDrive\Рабочий стол\DeepPythonLection\.git\objects,494,directory,.git
5e,C:\Users\homei\OneDrive\Рабочий стол\DeepPythonLection\.git\objects,1334,directory,.git
64,C:\Users\homei\OneDrive\Рабочий стол\DeepPythonLection\.git\objects,537,directory,.git
67,C:\Users\homei\OneDrive\Рабочий стол\DeepPythonLection\.git\objects,120,directory,.git
6b,C:\Users\homei\OneDrive\Рабочий стол\DeepPythonLection\.git\objects,638,directory,.git
6e,C:\Users\homei\OneDrive\Рабочий стол\DeepPythonLection\.git\objects,1643,directory,.git
70,C:\Users\homei\OneDrive\Рабочий стол\DeepPythonLection\.git\objects,545,directory,.git
72,C:\Users\homei\OneDrive\Рабочий стол\DeepPythonLection\.git\objects,2686,directory,.git
73,C:\Users\homei\OneDrive\Рабочий стол\DeepPythonLection\.git\objects,4505,directory,.git
74,C:\Users\homei\OneDrive\Рабочий стол\DeepPythonLection\.git\objects,1092,directory,.git
76,C:\Users\homei\OneDrive\Рабочий стол\DeepPythonLection\.git\objects,2355,directory,.git
77,C:\Users\homei\OneDrive\Рабочий стол\DeepPythonLection\.git\objects,322,directory,.git
79,C:\Users\homei\OneDrive\Рабочий стол\DeepPythonLection\.git\objects,173,directory,.git
7a,C:\Users\homei\OneDrive\Рабочий стол\DeepPythonLection\.git\objects,427,directory,.git
7c,C:\Users\homei\OneDrive\Рабочий стол\DeepPythonLection\.git\objects,80,directory,.git
7e,C:\Users\homei\OneDrive\Рабочий стол\DeepPythonLection\.git\objects,257,directory,.git
7f,C:\Users\homei\OneDrive\Рабочий стол\DeepPythonLection\.git\objects,2658,directory,.git
82,C:\Users\homei\OneDrive\Рабочий стол\DeepPythonLection\.git\objects,372,directory,.git
83,C:\Users\homei\OneDrive\Рабочий стол\DeepPythonLection\.git\objects,52,directory,.git
84,C:\Users\homei\OneDrive\Рабочий стол\DeepPythonLection\.git\objects,3443,directory,.git
87,C:\Users\homei\OneDrive\Рабочий стол\DeepPythonLection\.git\objects,436,directory,.git
88,C:\Users\homei\OneDrive\Рабочий стол\DeepPythonLection\.git\objects,110,directory,.git
89,C:\Users\homei\OneDrive\Рабочий стол\DeepPythonLection\.git\objects,4233,directory,.git
8a,C:\Users\homei\OneDrive\Рабочий стол\DeepPythonLection\.git\objects,193,directory,.git
8c,C:\Users\homei\OneDrive\Рабочий стол\DeepPythonLection\.git\objects,3613,directory,.git
8e,C:\Users\homei\OneDrive\Рабочий стол\DeepPythonLection\.git\objects,161,directory,.git
8f,C:\Users\homei\OneDrive\Рабочий стол\DeepPythonLection\.git\objects,2058,directory,.git
90,C:\Users\homei\OneDrive\Рабочий стол\DeepPythonLection\.git\objects,711,directory,.git
92,C:\Users\homei\OneDrive\Рабочий стол\DeepPythonLection\.git\objects,445,directory,.git
93,C:\Users\homei\OneDrive\Рабочий стол\DeepPythonLection\.git\objects,196,directory,.git
97,C:\Users\homei\OneDrive\Рабочий стол\DeepPythonLection\.git\objects,361,directory,.git
99,C:\Users\homei\OneDrive\Рабочий стол\DeepPythonLection\.git\objects,157,directory,.git
9d,C:\Users\homei\OneDrive\Рабочий стол\DeepPythonLection\.git\objects,989,directory,.git
9f,C:\Users\homei\OneDrive\Рабочий стол\DeepPythonLection\.git\objects,776,directory,.git
a1,C:\Users\homei\OneDrive\Рабочий стол\DeepPythonLection\.git\objects,1121,directory,.git
a2,C:\Users\homei\OneDrive\Рабочий стол\DeepPythonLection\.git\objects,1148,directory,.git
a5,C:\Users\homei\OneDrive\Рабочий стол\DeepPythonLection\.git\objects,602,directory,.git
a7,C:\Users\homei\OneDrive\Рабочий стол\DeepPythonLection\.git\objects,4045,directory,.git
a8,C:\Users\homei\OneDrive\Рабочий стол\DeepPythonLection\.git\objects,2058,directory,.git
af,C:\Users\homei\OneDrive\Рабочий стол\DeepPythonLection\.git\objects,1001,directory,.git
b0,C:\Users\homei\OneDrive\Рабочий стол\DeepPythonLection\.git\objects,3357,directory,.git
b4,C:\Users\homei\OneDrive\Рабочий стол\DeepPythonLection\.git\objects,1831,directory,.git
b5,C:\Users\homei\OneDrive\Рабочий стол\DeepPythonLection\.git\objects,639,directory,.git
b7,C:\Users\homei\OneDrive\Рабочий стол\DeepPythonLection\.git\objects,1661,directory,.git
b8,C:\Users\homei\OneDrive\Рабочий стол\DeepPythonLection\.git\objects,52,directory,.git
ba,C:\Users\homei\OneDrive\Рабочий стол\DeepPythonLection\.git\objects,544,directory,.git
c0,C:\Users\homei\OneDrive\Рабочий стол\DeepPythonLection\.git\objects,1305,directory,.git
c1,C:\Users\homei\OneDrive\Рабочий стол\DeepPythonLection\.git\objects,108,directory,.git
c3,C:\Users\homei\OneDrive\Рабочий стол\DeepPythonLection\.git\objects,1700,directory,.git
c5,C:\Users\homei\OneDrive\Рабочий стол\DeepPythonLection\.git\objects,1109,directory,.git
c6,C:\Users\homei\OneDrive\Рабочий стол\DeepPythonLection\.git\objects,103,directory,.git
c7,C:\Users\homei\OneDrive\Рабочий стол\DeepPythonLection\.git\objects,77,directory,.git
c8,C:\Users\homei\OneDrive\Рабочий стол\DeepPythonLection\.git\objects,107,directory,.git
ca,C:\Users\homei\OneDrive\Рабочий стол\DeepPythonLection\.git\objects,127,directory,.git
cc,C:\Users\homei\OneDrive\Рабочий стол\DeepPythonLection\.git\objects,2638,directory,.git
cd,C:\Users\homei\OneDrive\Рабочий стол\DeepPythonLection\.git\objects,827,directory,.git
cf,C:\Users\homei\OneDrive\Рабочий стол\DeepPythonLection\.git\objects,1929,directory,.git
d0,C:\Users\homei\OneDrive\Рабочий стол\DeepPythonLection\.git\objects,1952,directory,.git
d1,C:\Users\homei\OneDrive\Рабочий стол\DeepPythonLection\.git\objects,728,directory,.git
d4,C:\Users\homei\OneDrive\Рабочий стол\DeepPythonLection\.git\objects,653,directory,.git
d8,C:\Users\homei\OneDrive\Рабочий стол\DeepPythonLection\.git\objects,312,directory,.git
da,C:\Users\homei\OneDrive\Рабочий стол\DeepPythonLection\.git\objects,52,directory,.git
dc,C:\Users\homei\OneDrive\Рабочий стол\DeepPythonLection\.git\objects,727,directory,.git
dd,C:\Users\homei\OneDrive\Рабочий стол\DeepPythonLection\.git\objects,2576,directory,.git
de,C:\Users\homei\OneDrive\Рабочий стол\DeepPythonLection\.git\objects,128,directory,.git
df,C:\Users\homei\OneDrive\Рабочий стол\DeepPythonLection\.git\objects,77,directory,.git
e0,C:\Users\homei\OneDrive\Рабочий стол\DeepPythonLection\.git\objects,281,directory,.git
e3,C:\Users\homei\OneDrive\Рабочий стол\DeepPythonLection\.git\objects,103,directory,.git
e9,C:\Users\homei\OneDrive\Рабочий стол\DeepPythonLection\.git\objects,1290,directory,.git
eb,C:\Users\homei\OneDrive\Рабочий стол\DeepPythonLection\.git\objects,1312,directory,.git
ee,C:\Users\homei\OneDrive\Рабочий стол\DeepPythonLection\.git\objects,2493,directory,.git
f4,C:\Users\homei\OneDrive\Рабочий стол\DeepPythonLection\.git\objects,4189,directory,.git
fc,C:\Users\homei\OneDrive\Рабочий стол\DeepPythonLection\.git\objects,3210,directory,.git
fe,C:\Users\homei\OneDrive\Рабочий стол\DeepPythonLection\.git\objects,210,directory,.git
ff,C:\Users\homei\OneDrive\Рабочий стол\DeepPythonLection\.git\objects,547,directory,.git
info,C:\Users\homei\OneDrive\Рабочий стол\DeepPythonLection\.git\objects,0,directory,.git
pack,C:\Users\homei\OneDrive\Рабочий стол\DeepPythonLection\.git\objects,0,directory,.git
690e02ec240ad33c2f59f4b1e9fd12053b37eb,C:\Users\homei\OneDrive\Рабочий стол\DeepPythonLection\.git\objects\01,2830,file,01
886f0356879b022083c31b777a64eca37e71ef,C:\Users\homei\OneDrive\Рабочий стол\DeepPythonLection\.git\objects\01,108,file,01
b4603b6db11d0e8836126e23a143d24d9dc643,C:\Users\homei\OneDrive\Рабочий стол\DeepPythonLection\.git\objects\04,199,file,04
14c152f732ec2846a5c2a208173174cb8004fc,C:\Users\homei\OneDrive\Рабочий стол\DeepPythonLection\.git\objects\07,3397,file,07
cc32539543b8fd4e96ee146ee8bb1e76b2cceb,C:\Users\homei\OneDrive\Рабочий стол\DeepPythonLection\.git\objects\08,225,file,08
166e8185afd27b2c2ffef7a0a0e58c14b609b6,C:\Users\homei\OneDrive\Рабочий стол\DeepPythonLection\.git\objects\09,462,file,09
8ce3afcba56039cc12b0a73d427dc00594c4f2,C:\Users\homei\OneDrive\Рабочий стол\DeepPythonLection\.git\objects\0a,744,file,0a
cca31711f6393a1dc045558305632ac00fc291,C:\Users\homei\OneDrive\Рабочий стол\DeepPythonLection\.git\objects\0d,698,file,0d
f5dcd05775c21f1723968384a7ff3e61372936,C:\Users\homei\OneDrive\Рабочий стол\DeepPythonLection\.git\objects\0d,830,file,0d
67b9b006e80e9144022ab64913359b0c167d82,C:\Users\homei\OneDrive\Рабочий стол\DeepPythonLection\.git\objects\0f,308,file,0f
0c80f4c52ef75fd74312f678eab9b2031746a0,C:\Users\homei\OneDrive\Рабочий стол\DeepPythonLection\.git\objects\10,147,file,10
fa6bf21985c36360acf7d77d398ee496642076,C:\Users\homei\OneDrive\Рабочий стол\DeepPythonLection\.git\objects\10,3412,file,10
08e03235d6a96db9b7955d65934bfb9666d09f,C:\Users\homei\OneDrive\Рабочий стол\DeepPythonLection\.git\objects\13,484,file,13
bc388fa04b68ef8f1a5fc1189a0e09c6ca68a1,C:\Users\homei\OneDrive\Рабочий стол\DeepPythonLection\.git\objects\13,80,file,13
24bff327002382264a55489c2055bdcceb6035,C:\Users\homei\OneDrive\Рабочий стол\DeepPythonLection\.git\objects\16,291,file,16
e3f633813e9ec70ea7ea717c51aa3a5938d656,C:\Users\homei\OneDrive\Рабочий стол\DeepPythonLection\.git\objects\18,158,file,18
0aeb179375eba2d64757171975ed770661bc3a,C:\Users\homei\OneDrive\Рабочий стол\DeepPythonLection\.git\objects\1a,253,file,1a
ea5d1ae9fcc2b9eaac23e816e68ac8c6166ce3,C:\Users\homei\OneDrive\Рабочий стол\DeepPythonLection\.git\objects\1b,871,file,1b
a8e120f49e86f4b30ef25854a59e67af9b195a,C:\Users\homei\OneDrive\Рабочий стол\DeepPythonLection\.git\objects\1d,215,file,1d
1d8cd2003e9603793b2956d6abd5644d3cfc97,C:\Users\homei\OneDrive\Рабочий стол\DeepPythonLection\.git\objects\1e,434,file,1e
fd42b92d46fed546535497b46abc7f160e06aa,C:\Users\homei\OneDrive\Рабочий стол\DeepPythonLection\.git\objects\1e,208,file,1e
a01381a3baab3e38828be72fe7c919056e3816,C:\Users\homei\OneDrive\Рабочий стол\DeepPythonLection\.git\objects\24,3229,file,24
751f48ce94fee0c9c6da84155a4160783160a6,C:\Users\homei\OneDrive\Рабочий стол\DeepPythonLection\.git\objects\25,52,file,25
bdda234df99bf9b8dd833b9f387d965b3ce594,C:\Users\homei\OneDrive\Рабочий стол\DeepPythonLection\.git\objects\29,943,file,29
d8d85da74574639a40a3ca4806e736a97cb189,C:\Users\homei\OneDrive\Рабочий стол\DeepPythonLection\.git\objects\29,822,file,29
ea30e8732540df6cb47a98012b66ae9705a88e,C:\Users\homei\OneDrive\Рабочий стол\DeepPythonLection\.git\objects\2b,3876,file,2b
7686809013f68aef6e61fcc1562a6077b98792,C:\Users\homei\OneDrive\Рабочий стол\DeepPythonLection\.git\objects\2d,107,file,2d
e92879f3e0449078391d9fc0ab7cdf9aeaa8f8,C:\Users\homei\OneDrive\Рабочий стол\DeepPythonLection\.git\objects\2e,2721,file,2e
f93d2bdebb25b0755a8614211d1f85f6b84848,C:\Users\homei\OneDrive\Рабочий стол\DeepPythonLection\.git\objects\2e,3944,file,2e
b8de37a2acdc267b8636a8f51876094880c66e,C:\Users\homei\OneDrive\Рабочий стол\DeepPythonLection\.git\objects\30,156,file,30
c21276295cc13e403fc845441cec18969c64cf,C:\Users\homei\OneDrive\Рабочий стол\DeepPythonLection\.git\objects\34,107,file,34
10e3cebc9cddc864ca85e47a149012a768f298,C:\Users\homei\OneDrive\Рабочий стол\DeepPythonLection\.git\objects\35,70,file,35
248355bf8bcc49c7104392317629f9bfabd95b,C:\Users\homei\OneDrive\Рабочий стол\DeepPythonLection\.git\objects\35,1538,file,35
a68eadf441b06aa61d20d54498ac4bd93a64d7,C:\Users\homei\OneDrive\Рабочий стол\DeepPythonLection\.git\objects\37,145,file,37
3bd3c9500497c61de2c020d4c258bad66e5706,C:\Users\homei\OneDrive\Рабочий стол\DeepPythonLection\.git\objects\3a,97,file,3a
a2104ac5c22693bd43217b857d13c0b1c69cf1,C:\Users\homei\OneDrive\Рабочий стол\DeepPythonLection\.git\objects\46,87,file,46
74f69b06648c7bfab2d5b173afeea6e9117654,C:\Users\homei\OneDrive\Рабочий стол\DeepPythonLection\.git\objects\47,3125,file,47
391994da9cde4eae0a9a200ba4b9343885311a,C:\Users\homei\OneDrive\Рабочий стол\DeepPythonLection\.git\objects\4a,800,file,4a
2c99f78ac9d918fc1bda94c77b69b598acfa61,C:\Users\homei\OneDrive\Рабочий стол\DeepPythonLection\.git\objects\4c,3646,file,4c
31db7fe2c56168e3290224267c4b0451ee4e68,C:\Users\homei\OneDrive\Рабочий стол\DeepPythonLection\.git\objects\4c,195,file,4c
2c1dd8b26e1124f5c8d630faa3f272f28c7f4b,C:\Users\homei\OneDrive\Рабочий стол\DeepPythonLection\.git\objects\50,3592,file,50
770277889501f227698e166b09b8de5d4cb556,C:\Users\homei\OneDrive\Рабочий стол\DeepPythonLection\.git\objects\50,107,file,50
0959cc82e5b274aac403397c24a9ba28ad5c2d,C:\Users\homei\OneDrive\Рабочий стол\DeepPythonLection\.git\objects\52,1633,file,52
4d77432fc605a9cb78e732e12c0865e2301e6b,C:\Users\homei\OneDrive\Рабочий стол\DeepPythonLection\.git\objects\52,2518,file,52
ab54e03f67bf1c0e89df8e5e5a75c8c5cb92a3,C:\Users\homei\OneDrive\Рабочий стол\DeepPythonLection\.git\objects\52,153,file,52
04324659aa14489be821962adf7c62a3914566,C:\Users\homei\OneDrive\Рабочий стол\DeepPythonLection\.git\objects\54,80,file,54
1cc7826a8f0caf8103b59bf5491d9b34f8f139,C:\Users\homei\OneDrive\Рабочий стол\DeepPythonLection\.git\objects\56,133,file,56
2bac52cbede79f285f16fb3f4021c6cbe54aa2,C:\Users\homei\OneDrive\Рабочий стол\DeepPythonLection\.git\objects\56,3021,file,56
42d764fdf1651f42da0366c4a7a775fd749b2c,C:\Users\homei\OneDrive\Рабочий стол\DeepPythonLection\.git\objects\5b,403,file,5b
9c2b0c4154ccc8c71673639986bea23a669a3a,C:\Users\homei\OneDrive\Рабочий стол\DeepPythonLection\.git\objects\5b,91,file,5b
f11704ad7af2bb84621f1521865e0cb2896c44,C:\Users\homei\OneDrive\Рабочий стол\DeepPythonLection\.git\objects\5e,1334,file,5e
cdbd88d91a540703ea82eb57e652b2c06debeb,C:\Users\homei\OneDrive\Рабочий стол\DeepPythonLection\.git\objects\64,537,file,64
79bf97bcd426d840c6693827685508cb61556c,C:\Users\homei\OneDrive\Рабочий стол\DeepPythonLection\.git\objects\67,120,file,67
3da79c67948150a4888d5e1ea5f4b60751569c,C:\Users\homei\OneDrive\Рабочий стол\DeepPythonLection\.git\objects\6b,638,file,6b
28ac8eac8fba527b8fef1359cdd9a8364d25b7,C:\Users\homei\OneDrive\Рабочий стол\DeepPythonLection\.git\objects\6e,1643,file,6e
a5a42d682fab5f070f8c386402a86936ab39df,C:\Users\homei\OneDrive\Рабочий стол\DeepPythonLection\.git\objects\70,545,file,70
2dd34243905c00db27303dec9495fc409cc6ad,C:\Users\homei\OneDrive\Рабочий стол\DeepPythonLection\.git\objects\72,2032,file,72
550ca971565be4961846ac3af61ca86cc795a2,C:\Users\homei\OneDrive\Рабочий стол\DeepPythonLection\.git\objects\72,654,file,72
4a3b7678ec033e5c11ba8005b0f91ce0eac0ab,C:\Users\homei\OneDrive\Рабочий стол\DeepPythonLection\.git\objects\73,430,file,73
d3fff3aadc4a0d6e27545810fde3535bd1b39b,C:\Users\homei\OneDrive\Рабочий стол\DeepPythonLection\.git\objects\73,74,file,73
efc7573625e932220faca9763dc8cd9c266829,C:\Users\homei\OneDrive\Рабочий стол\DeepPythonLection\.git\objects\73,4001,file,73
9ca9affaaf3ff6eefa5cbb536855735b640be9,C:\Users\homei\OneDrive\Рабочий стол\DeepPythonLection\.git\objects\74,1092,file,74
e79b81aaf1752c69517b3e81d871b2c9d3484b,C:\Users\homei\OneDrive\Рабочий стол\DeepPythonLection\.git\objects\76,2355,file,76
3cdf8bef64f92bed88940f12a6c97268009a77,C:\Users\homei\OneDrive\Рабочий стол\DeepPythonLection\.git\objects\77,322,file,77
6396fb77679c5ea544d467aabb7d218ce95917,C:\Users\homei\OneDrive\Рабочий стол\DeepPythonLection\.git\objects\79,173,file,79
138e1e8ca61cc51bd4fcf16046efd9ab03106e,C:\Users\homei\OneDrive\Рабочий стол\DeepPythonLection\.git\objects\7a,427,file,7a
8c3b043b0b9476f401a38aca497118630e4247,C:\Users\homei\OneDrive\Рабочий стол\DeepPythonLection\.git\objects\7c,80,file,7c
b932b6ac2033de0350534e02a09d89c3242b2a,C:\Users\homei\OneDrive\Рабочий стол\DeepPythonLection\.git\objects\7e,257,file,7e
7e9b64d84947d26a41cd8dd18f74679cbe77b4,C:\Users\homei\OneDrive\Рабочий стол\DeepPythonLection\.git\objects\7f,2658,file,7f
5b2af9149ffec40578a272cf52669a9f127459,C:\Users\homei\OneDrive\Рабочий стол\DeepPythonLection\.git\objects\82,372,file,82
a0437015b4a0195b9c425443f59639a27b8681,C:\Users\homei\OneDrive\Рабочий стол\DeepPythonLection\.git\objects\83,52,file,83
fa241dfb408aaac1e35dc8e40a2bbd31ac66a3,C:\Users\homei\OneDrive\Рабочий стол\DeepPythonLection\.git\objects\84,3443,file,84
8fea62ab68a0fe52ea0b40edbf4d258162a0ca,C:\Users\homei\OneDrive\Рабочий стол\DeepPythonLection\.git\objects\87,436,file,87
ff2c09161b65fb0fe82cadbb65df10fc4dc471,C:\Users\homei\OneDrive\Рабочий стол\DeepPythonLection\.git\objects\88,110,file,88
830addd3e3f1d62cb74b86b941f7ab1805735e,C:\Users\homei\OneDrive\Рабочий стол\DeepPythonLection\.git\objects\89,3951,file,89
a3de9b78c043494da21797e68e6ecb7b26106a,C:\Users\homei\OneDrive\Рабочий стол\DeepPythonLection\.git\objects\89,282,file,89
eadef861c5b0675d0e5cba4813840f18b90e62,C:\Users\homei\OneDrive\Рабочий стол\DeepPythonLection\.git\objects\8a,193,file,8a
3c8955c45d721b3f0a312b9d3e803bfa0e4d40,C:\Users\homei\OneDrive\Рабочий стол\DeepPythonLection\.git\objects\8c,3613,file,8c
6ab48d4b8e4b330cc44b627ba74e704a9945c6,C:\Users\homei\OneDrive\Рабочий стол\DeepPythonLection\.git\objects\8e,161,file,8e
f57b044df642712058e43081a4f255931a0f78,C:\Users\homei\OneDrive\Рабочий стол\DeepPythonLection\.git\objects\8f,2058,file,8f
1affb865e28a0813a4d0118cb0d7bad7402087,C:\Users\homei\OneDrive\Рабочий стол\DeepPythonLection\.git\objects\90,711,file,90
d6128dd6af4abec20d185487b50581b86b1294,C:\Users\homei\OneDrive\Рабочий стол\DeepPythonLection\.git\objects\92,445,file,92
335b57677a091c5f8d6719827c7c684c0507a7,C:\Users\homei\OneDrive\Рабочий стол\DeepPythonLection\.git\objects\93,196,file,93
278f1621758307cc6189e7e6cfdf377126ca7b,C:\Users\homei\OneDrive\Рабочий стол\DeepPythonLection\.git\objects\97,80,file,97
93b63a62b74752bfbff0bb9c1d25c01981524b,C:\Users\homei\OneDrive\Рабочий стол\DeepPythonLection\.git\objects\97,178,file,97
f3e043cb1114b5be0da364377ca45963592f8b,C:\Users\homei\OneDrive\Рабочий стол\DeepPythonLection\.git\objects\97,103,file,97
f71a342228bd4b952ba7509714df8d5d0f5380,C:\Users\homei\OneDrive\Рабочий стол\DeepPythonLection\.git\objects\99,157,file,99
c6027dbf0a6a98d26e2a5aae8d2c5dcd989146,C:\Users\homei\OneDrive\Рабочий стол\DeepPythonLection\.git\objects\9d,158,file,9d
cc2cccc7632d5d26c53acf1f8d5db9aa73caa9,C:\Users\homei\OneDrive\Рабочий стол\DeepPythonLection\.git\objects\9d,831,file,9d
9f95bef20c2f8f21bb590c19bf7b18d66feb3d,C:\Users\homei\OneDrive\Рабочий стол\DeepPythonLection\.git\objects\9f,776,file,9f
4fdd71cb73037c8c149cbf6a83f67bc4e299d7,C:\Users\homei\OneDrive\Рабочий стол\DeepPythonLection\.git\objects\a1,961,file,a1
934b9868e8959e624d2237db68f7cfc558c29b,C:\Users\homei\OneDrive\Рабочий стол\DeepPythonLection\.git\objects\a1,160,file,a1
1ef6a9b3b51676efeea45fd8cee487568aa80f,C:\Users\homei\OneDrive\Рабочий стол\DeepPythonLection\.git\objects\a2,1148,file,a2
e962ef98eb97c312c172727462220f85bdcfc6,C:\Users\homei\OneDrive\Рабочий стол\DeepPythonLection\.git\objects\a5,602,file,a5
5f400bf1890a706ef75671b5d1ed79b851e13a,C:\Users\homei\OneDrive\Рабочий стол\DeepPythonLection\.git\objects\a7,3965,file,a7
8e6c299af01dbac8e4ba2a9aa609b00f1a0e48,C:\Users\homei\OneDrive\Рабочий стол\DeepPythonLection\.git\objects\a7,80,file,a7
9ed23a6351a6b9837117373bc7a7e0d003c38c,C:\Users\homei\OneDrive\Рабочий стол\DeepPythonLection\.git\objects\a8,1707,file,a8
f51328412f122c9677e7eabc9244997a4fd5ea,C:\Users\homei\OneDrive\Рабочий стол\DeepPythonLection\.git\objects\a8,351,file,a8
26f3a5ecb491edba72a075c455849b75db9485,C:\Users\homei\OneDrive\Рабочий стол\DeepPythonLection\.git\objects\af,1001,file,af
5b21c5f134606a1dcdf5c42143cdf7dd93ad1f,C:\Users\homei\OneDrive\Рабочий стол\DeepPythonLection\.git\objects\b0,820,file,b0
6c9332713e5b11f6d2ca2f6c248aace52ba3cb,C:\Users\homei\OneDrive\Рабочий стол\DeepPythonLection\.git\objects\b0,510,file,b0
8ee676baaf72d493d9d638ab394766bcf5ea0b,C:\Users\homei\OneDrive\Рабочий стол\DeepPythonLection\.git\objects\b0,2027,file,b0
d283b87358406fa8555529f66e4da9310d3bf4,C:\Users\homei\OneDrive\Рабочий стол\DeepPythonLection\.git\objects\b4,1674,file,b4
e947059a8ba9db8e135d9e68662dd88de29b3e,C:\Users\homei\OneDrive\Рабочий стол\DeepPythonLection\.git\objects\b4,157,file,b4
e2ddb32c8fd3bfb110079fe092568e511a7e56,C:\Users\homei\OneDrive\Рабочий стол\DeepPythonLection\.git\objects\b5,639,file,b5
2d5fcf370affdbadb00d8e2df1f884b0e6a7fc,C:\Users\homei\OneDrive\Рабочий стол\DeepPythonLection\.git\objects\b7,1661,file,b7
5bb1d15920cb7c74b1939020a6173b733f7840,C:\Users\homei\OneDrive\Рабочий стол\DeepPythonLection\.git\objects\b8,52,file,b8
c2ccc929b67fb095e9e92b1bb3dca993a193c6,C:\Users\homei\OneDrive\Рабочий стол\DeepPythonLection\.git\objects\ba,544,file,ba
e853646ecb839b696a90cf4d06e97117048b00,C:\Users\homei\OneDrive\Рабочий стол\DeepPythonLection\.git\objects\c0,1305,file,c0
63eb6c822fe00121106a6e3677e8dcf0a973f7,C:\Users\homei\OneDrive\Рабочий стол\DeepPythonLection\.git\objects\c1,108,file,c1
ae3e9b952b7d8c2da7aa762cb1a72de1d9ae1f,C:\Users\homei\OneDrive\Рабочий стол\DeepPythonLection\.git\objects\c3,1700,file,c3
4895c833392b9797e29ef4a5cd0b6607d8ad9a,C:\Users\homei\OneDrive\Рабочий стол\DeepPythonLection\.git\objects\c5,1109,file,c5
4da5f56ff4be56b5be8891fd450fa2d1cf5630,C:\Users\homei\OneDrive\Рабочий стол\DeepPythonLection\.git\objects\c6,103,file,c6
b9b1cb505b6a3354aab3167094ec009c26959a,C:\Users\homei\OneDrive\Рабочий стол\DeepPythonLection\.git\objects\c7,77,file,c7
cf8b44ce4eab5a214abeb22186672a81f6a3d8,C:\Users\homei\OneDrive\Рабочий стол\DeepPythonLection\.git\objects\c8,107,file,c8
7cf0fcd1b423d184c68ac5192db17fa58e9faa,C:\Users\homei\OneDrive\Рабочий стол\DeepPythonLection\.git\objects\ca,127,file,ca
65b985d4125a0b3046a1c1d8dfd6bc55e6e8e5,C:\Users\homei\OneDrive\Рабочий стол\DeepPythonLection\.git\objects\cc,1564,file,cc
a21f9bca9c226344304d03791a2d85b7d134cb,C:\Users\homei\OneDrive\Рабочий стол\DeepPythonLection\.git\objects\cc,1074,file,cc
62a4aebdb07a17e11a403cfe33f16ea79c3d53,C:\Users\homei\OneDrive\Рабочий стол\DeepPythonLection\.git\objects\cd,827,file,cd
496142fd44220c0abf228fcd4e9572f42f42ea,C:\Users\homei\OneDrive\Рабочий стол\DeepPythonLection\.git\objects\cf,1929,file,cf
1cc35a79bd11249da158f68f8294df273e6c4f,C:\Users\homei\OneDrive\Рабочий стол\DeepPythonLection\.git\objects\d0,685,file,d0
d95d8c43592bcc63b7d74f6cded4635169a3f8,C:\Users\homei\OneDrive\Рабочий стол\DeepPythonLection\.git\objects\d0,1267,file,d0
adb2ba009d2702436d64cb175f11b63e8da338,C:\Users\homei\OneDrive\Рабочий стол\DeepPythonLection\.git\objects\d1,728,file,d1
b3ba8f69664076980fd0c2e79fe6c3c9797be8,C:\Users\homei\OneDrive\Рабочий стол\DeepPythonLection\.git\objects\d4,653,file,d4
27d467d8b80a8a0af82905fbe138f9a6e3a7ca,C:\Users\homei\OneDrive\Рабочий стол\DeepPythonLection\.git\objects\d8,160,file,d8
426aefe46da7bbc1e28c7f6035c6798bd66039,C:\Users\homei\OneDrive\Рабочий стол\DeepPythonLection\.git\objects\d8,152,file,d8
c8c7b67d0a4b17a842a00618fc64fc44d10f03,C:\Users\homei\OneDrive\Рабочий стол\DeepPythonLection\.git\objects\da,52,file,da
c1b630ec2ba0a001759ad35dc2dbf395e959f0,C:\Users\homei\OneDrive\Рабочий стол\DeepPythonLection\.git\objects\dc,727,file,dc
402015501fdc2407147dc4d9a692caf5d21ad8,C:\Users\homei\OneDrive\Рабочий стол\DeepPythonLection\.git\objects\dd,2576,file,dd
b40deadb0c37cbb677e414dd7ac6bfae038823,C:\Users\homei\OneDrive\Рабочий стол\DeepPythonLection\.git\objects\de,128,file,de
e97cf49b016d4618e45e4af06d4705c6a0cd25,C:\Users\homei\OneDrive\Рабочий стол\DeepPythonLection\.git\objects\df,77,file,df
d1ee1025fb5d7e5be0c373dfe075e4be4170f9,C:\Users\homei\OneDrive\Рабочий стол\DeepPythonLection\.git\objects\e0,281,file,e0
538c3c9f957e734dc3889695a550affd615408,C:\Users\homei\OneDrive\Рабочий стол\DeepPythonLection\.git\objects\e3,103,file,e3
950fbd87399371aa797f8c589f9ec35994d8b6,C:\Users\homei\OneDrive\Рабочий стол\DeepPythonLection\.git\objects\e9,1290,file,e9
bbe2c68247bf1282589a9dac975740afc9ccf8,C:\Users\homei\OneDrive\Рабочий стол\DeepPythonLection\.git\objects\eb,1312,file,eb
a7b75a0b36a327a65d787ac4595b996ac5f91a,C:\Users\homei\OneDrive\Рабочий стол\DeepPythonLection\.git\objects\ee,2493,file,ee
79787c0c7efa7974220ea358ba3bd704450191,C:\Users\homei\OneDrive\Рабочий стол\DeepPythonLection\.git\objects\f4,2264,file,f4
f6f51bd78c25e71a2a5f19d52dd013b3b58a91,C:\Users\homei\OneDrive\Рабочий стол\DeepPythonLection\.git\objects\f4,1925,file,f4
6875dd7459a19dc1de4b4ec80a13e53b5abb1f,C:\Users\homei\OneDrive\Рабочий стол\DeepPythonLection\.git\objects\fc,77,file,fc
adbec01c97a9fb310b4f157ab539c3df07e495,C:\Users\homei\OneDrive\Рабочий стол\DeepPythonLection\.git\objects\fc,3133,file,fc
c7d18495643fb40a85b0281d3298518fa30455,C:\Users\homei\OneDrive\Рабочий стол\DeepPythonLection\.git\objects\fe,210,file,fe
1e7af2ab4fe49590f9c2a7638b924831d7f428,C:\Users\homei\OneDrive\Рабочий стол\DeepPythonLection\.git\objects\ff,547,file,ff
heads,C:\Users\homei\OneDrive\Рабочий стол\DeepPythonLection\.git\refs,41,directory,.git
remotes,C:\Users\homei\OneDrive\Рабочий стол\DeepPythonLection\.git\refs,41,directory,.git
tags,C:\Users\homei\OneDrive\Рабочий стол\DeepPythonLection\.git\refs,0,directory,.git
main,C:\Users\homei\OneDrive\Рабочий стол\DeepPythonLection\.git\refs\heads,41,file,heads
origin,C:\Users\homei\OneDrive\Рабочий стол\DeepPythonLection\.git\refs\remotes,41,directory,refs
main,C:\Users\homei\OneDrive\Рабочий стол\DeepPythonLection\.git\refs\remotes\origin,41,file,origin
task_1.py,C:\Users\homei\OneDrive\Рабочий стол\DeepPythonLection\homework_1,1586,file,homework_1
task_2.py,C:\Users\homei\OneDrive\Рабочий стол\DeepPythonLection\homework_1,1954,file,homework_1
task_1.py,C:\Users\homei\OneDrive\Рабочий стол\DeepPythonLection\homework_2,3448,file,homework_2
task_2.py,C:\Users\homei\OneDrive\Рабочий стол\DeepPythonLection\homework_2,1570,file,homework_2
task_3.py,C:\Users\homei\OneDrive\Рабочий стол\DeepPythonLection\homework_2,2252,file,homework_2
additional_task.py,C:\Users\homei\OneDrive\Рабочий стол\DeepPythonLection\homework_3,2117,file,homework_3
Task_1.py,C:\Users\homei\OneDrive\Рабочий стол\DeepPythonLection\homework_3,462,file,homework_3
Task_2.py,C:\Users\homei\OneDrive\Рабочий стол\DeepPythonLection\homework_3,5822,file,homework_3
Task_3.py,C:\Users\homei\OneDrive\Рабочий стол\DeepPythonLection\homework_3,2244,file,homework_3
Task_1.py,C:\Users\homei\OneDrive\Рабочий стол\DeepPythonLection\homework_4,509,file,homework_4
Task_2.py,C:\Users\homei\OneDrive\Рабочий стол\DeepPythonLection\homework_4,767,file,homework_4
Task_3.py,C:\Users\homei\OneDrive\Рабочий стол\DeepPythonLection\homework_4,3451,file,homework_4
Task_1.py,C:\Users\homei\OneDrive\Рабочий стол\DeepPythonLection\homework_5,687,file,homework_5
Task_2.py,C:\Users\homei\OneDrive\Рабочий стол\DeepPythonLection\homework_5,950,file,homework_5
Task_3.py,C:\Users\homei\OneDrive\Рабочий стол\DeepPythonLection\homework_5,280,file,homework_5
add_task,C:\Users\homei\OneDrive\Рабочий стол\DeepPythonLection\homework_6,3322,directory,DeepPythonLection
main_task,C:\Users\homei\OneDrive\Рабочий стол\DeepPythonLection\homework_6,10446,directory,DeepPythonLection
Task_1,C:\Users\homei\OneDrive\Рабочий стол\DeepPythonLection\homework_6,1170,directory,DeepPythonLection
__pycache__,C:\Users\homei\OneDrive\Рабочий стол\DeepPythonLection\homework_6,1786,directory,DeepPythonLection
additional_task.py,C:\Users\homei\OneDrive\Рабочий стол\DeepPythonLection\homework_6\add_task,2317,file,add_task
module_add_task.py,C:\Users\homei\OneDrive\Рабочий стол\DeepPythonLection\homework_6\add_task,1005,file,add_task
__pycache__,C:\Users\homei\OneDrive\Рабочий стол\DeepPythonLection\homework_6\main_task,3035,directory,homework_6
portfolio.py,C:\Users\homei\OneDrive\Рабочий стол\DeepPythonLection\homework_6\main_task,3092,file,main_task
stock_market.py,C:\Users\homei\OneDrive\Рабочий стол\DeepPythonLection\homework_6\main_task,4319,file,main_task
portfolio.cpython-311.pyc,C:\Users\homei\OneDrive\Рабочий стол\DeepPythonLection\homework_6\main_task\__pycache__,3035,file,__pycache__
module_task_1.py,C:\Users\homei\OneDrive\Рабочий стол\DeepPythonLection\homework_6\Task_1,830,file,Task_1
Task_1.py,C:\Users\homei\OneDrive\Рабочий стол\DeepPythonLection\homework_6\Task_1,340,file,Task_1
module_task_1.cpython-311.pyc,C:\Users\homei\OneDrive\Рабочий стол\DeepPythonLection\homework_6\__pycache__,1786,file,__pycache__
files_manager,C:\Users\homei\OneDrive\Рабочий стол\DeepPythonLection\homework_7,22539,directory,DeepPythonLection
main.py,C:\Users\homei\OneDrive\Рабочий стол\DeepPythonLection\homework_7,629,file,homework_7
__pycache__,C:\Users\homei\OneDrive\Рабочий стол\DeepPythonLection\homework_7\files_manager,11592,directory,homework_7
create_dir.py,C:\Users\homei\OneDrive\Рабочий стол\DeepPythonLection\homework_7\files_manager,729,file,files_manager
create_file.py,C:\Users\homei\OneDrive\Рабочий стол\DeepPythonLection\homework_7\files_manager,1495,file,files_manager
gen_files.py,C:\Users\homei\OneDrive\Рабочий стол\DeepPythonLection\homework_7\files_manager,768,file,files_manager
group_file.py,C:\Users\homei\OneDrive\Рабочий стол\DeepPythonLection\homework_7\files_manager,2785,file,files_manager
group_rename.py,C:\Users\homei\OneDrive\Рабочий стол\DeepPythonLection\homework_7\files_manager,1512,file,files_manager
make_random_name.py,C:\Users\homei\OneDrive\Рабочий стол\DeepPythonLection\homework_7\files_manager,1008,file,files_manager
whatever.py,C:\Users\homei\OneDrive\Рабочий стол\DeepPythonLection\homework_7\files_manager,1832,file,files_manager
write_file_rand.py,C:\Users\homei\OneDrive\Рабочий стол\DeepPythonLection\homework_7\files_manager,818,file,files_manager
create_dir.cpython-311.pyc,C:\Users\homei\OneDrive\Рабочий стол\DeepPythonLection\homework_7\files_manager\__pycache__,1239,file,__pycache__
create_file.cpython-311.pyc,C:\Users\homei\OneDrive\Рабочий стол\DeepPythonLection\homework_7\files_manager\__pycache__,2390,file,__pycache__
gen_files.cpython-311.pyc,C:\Users\homei\OneDrive\Рабочий стол\DeepPythonLection\homework_7\files_manager\__pycache__,1315,file,__pycache__
group_file.cpython-311.pyc,C:\Users\homei\OneDrive\Рабочий стол\DeepPythonLection\homework_7\files_manager\__pycache__,4352,file,__pycache__
group_rename.cpython-311.pyc,C:\Users\homei\OneDrive\Рабочий стол\DeepPythonLection\homework_7\files_manager\__pycache__,2296,file,__pycache__
file_manager,C:\Users\homei\OneDrive\Рабочий стол\DeepPythonLection\homework_8,24241,directory,DeepPythonLection
main.py,C:\Users\homei\OneDrive\Рабочий стол\DeepPythonLection\homework_8,811,file,homework_8
__pycache__,C:\Users\homei\OneDrive\Рабочий стол\DeepPythonLection\homework_8\file_manager,15876,directory,homework_8
create_file_json.py,C:\Users\homei\OneDrive\Рабочий стол\DeepPythonLection\homework_8\file_manager,2246,file,file_manager
create_file_txt.py,C:\Users\homei\OneDrive\Рабочий стол\DeepPythonLection\homework_8\file_manager,391,file,file_manager
csv_to_json.py,C:\Users\homei\OneDrive\Рабочий стол\DeepPythonLection\homework_8\file_manager,966,file,file_manager
directory_link.py,C:\Users\homei\OneDrive\Рабочий стол\DeepPythonLection\homework_8\file_manager,3285,file,file_manager
json_to_csv.py,C:\Users\homei\OneDrive\Рабочий стол\DeepPythonLection\homework_8\file_manager,1011,file,file_manager
txt_to_json.py,C:\Users\homei\OneDrive\Рабочий стол\DeepPythonLection\homework_8\file_manager,466,file,file_manager
create_file_json.cpython-311.pyc,C:\Users\homei\OneDrive\Рабочий стол\DeepPythonLection\homework_8\file_manager\__pycache__,3469,file,__pycache__
create_file_txt.cpython-311.pyc,C:\Users\homei\OneDrive\Рабочий стол\DeepPythonLection\homework_8\file_manager\__pycache__,1253,file,__pycache__
csv_to_json.cpython-311.pyc,C:\Users\homei\OneDrive\Рабочий стол\DeepPythonLection\homework_8\file_manager\__pycache__,2227,file,__pycache__
directory_link.cpython-311.pyc,C:\Users\homei\OneDrive\Рабочий стол\DeepPythonLection\homework_8\file_manager\__pycache__,5396,file,__pycache__
json_to_csv.cpython-311.pyc,C:\Users\homei\OneDrive\Рабочий стол\DeepPythonLection\homework_8\file_manager\__pycache__,2193,file,__pycache__
txt_to_json.cpython-311.pyc,C:\Users\homei\OneDrive\Рабочий стол\DeepPythonLection\homework_8\file_manager\__pycache__,1338,file,__pycache__
GLU.txt,C:\Users\homei\OneDrive\Рабочий стол\DeepPythonLection\new,3112,file,new
hv.pop,C:\Users\homei\OneDrive\Рабочий стол\DeepPythonLection\new,3104,file,new
jidyX.txt,C:\Users\homei\OneDrive\Рабочий стол\DeepPythonLection\new,525,file,new
LD.pop,C:\Users\homei\OneDrive\Рабочий стол\DeepPythonLection\new,1053,file,new
LqD.pop,C:\Users\homei\OneDrive\Рабочий стол\DeepPythonLection\new,3944,file,new
OdfY.pop,C:\Users\homei\OneDrive\Рабочий стол\DeepPythonLection\new,1904,file,new
PNn.txt,C:\Users\homei\OneDrive\Рабочий стол\DeepPythonLection\new,3571,file,new
pUbxG.pop,C:\Users\homei\OneDrive\Рабочий стол\DeepPythonLection\new,2637,file,new
PVdK.pop,C:\Users\homei\OneDrive\Рабочий стол\DeepPythonLection\new,2700,file,new
qjaa.txt,C:\Users\homei\OneDrive\Рабочий стол\DeepPythonLection\new,1127,file,new
Vhyyh.txt,C:\Users\homei\OneDrive\Рабочий стол\DeepPythonLection\new,1543,file,new
zetfn.txt,C:\Users\homei\OneDrive\Рабочий стол\DeepPythonLection\new,271,file,new
__pycache__,C:\Users\homei\OneDrive\Рабочий стол\DeepPythonLection\package_sem_6,5911,directory,DeepPythonLection
module_task2_task3.py,C:\Users\homei\OneDrive\Рабочий стол\DeepPythonLection\package_sem_6,1523,file,package_sem_6
module_task4_5_6.py,C:\Users\homei\OneDrive\Рабочий стол\DeepPythonLection\package_sem_6,3072,file,package_sem_6
module_task_7.py,C:\Users\homei\OneDrive\Рабочий стол\DeepPythonLection\package_sem_6,1254,file,package_sem_6
__init__.py,C:\Users\homei\OneDrive\Рабочий стол\DeepPythonLection\package_sem_6,723,file,package_sem_6
module_task2_task3.cpython-311.pyc,C:\Users\homei\OneDrive\Рабочий стол\DeepPythonLection\package_sem_6\__pycache__,2020,file,__pycache__
module_task4_5_6.cpython-311.pyc,C:\Users\homei\OneDrive\Рабочий стол\DeepPythonLection\package_sem_6\__pycache__,3037,file,__pycache__
__init__.cpython-311.pyc,C:\Users\homei\OneDrive\Рабочий стол\DeepPythonLection\package_sem_6\__pycache__,854,file,__pycache__
Archive,C:\Users\homei\OneDrive\Рабочий стол\DeepPythonLection\rezult,11117,directory,DeepPythonLection
Photos,C:\Users\homei\OneDrive\Рабочий стол\DeepPythonLection\rezult,14053,directory,DeepPythonLection
Videos,C:\Users\homei\OneDrive\Рабочий стол\DeepPythonLection\rezult,45954,directory,DeepPythonLection
AF.rar,C:\Users\homei\OneDrive\Рабочий стол\DeepPythonLection\rezult\Archive,2037,file,Archive
dOTv.zip,C:\Users\homei\OneDrive\Рабочий стол\DeepPythonLection\rezult\Archive,490,file,Archive
fGQh.zip,C:\Users\homei\OneDrive\Рабочий стол\DeepPythonLection\rezult\Archive,691,file,Archive
hCYhI.rar,C:\Users\homei\OneDrive\Рабочий стол\DeepPythonLection\rezult\Archive,2011,file,Archive
JTJj.zip,C:\Users\homei\OneDrive\Рабочий стол\DeepPythonLection\rezult\Archive,3980,file,Archive
YOF.rar,C:\Users\homei\OneDrive\Рабочий стол\DeepPythonLection\rezult\Archive,1908,file,Archive
LOEd.jpg,C:\Users\homei\OneDrive\Рабочий стол\DeepPythonLection\rezult\Photos,2334,file,Photos
oo.jpg,C:\Users\homei\OneDrive\Рабочий стол\DeepPythonLection\rezult\Photos,1653,file,Photos
sF.jpg,C:\Users\homei\OneDrive\Рабочий стол\DeepPythonLection\rezult\Photos,708,file,Photos
skTW.jpg,C:\Users\homei\OneDrive\Рабочий стол\DeepPythonLection\rezult\Photos,3422,file,Photos
US.jpg,C:\Users\homei\OneDrive\Рабочий стол\DeepPythonLection\rezult\Photos,3930,file,Photos
xXdxH.jpg,C:\Users\homei\OneDrive\Рабочий стол\DeepPythonLection\rezult\Photos,2006,file,Photos
EppSG.mpeg,C:\Users\homei\OneDrive\Рабочий стол\DeepPythonLection\rezult\Videos,3625,file,Videos
fSlub.mpeg,C:\Users\homei\OneDrive\Рабочий стол\DeepPythonLection\rezult\Videos,3923,file,Videos
FWR.mpeg,C:\Users\homei\OneDrive\Рабочий стол\DeepPythonLection\rezult\Videos,3391,file,Videos
go.mpeg,C:\Users\homei\OneDrive\Рабочий стол\DeepPythonLection\rezult\Videos,2472,file,Videos
Hqh.mp4,C:\Users\homei\OneDrive\Рабочий стол\DeepPythonLection\rezult\Videos,3376,file,Videos
kJemY.mp4,C:\Users\homei\OneDrive\Рабочий стол\DeepPythonLection\rezult\Videos,3855,file,Videos
mGwuK.mpeg,C:\Users\homei\OneDrive\Рабочий стол\DeepPythonLection\rezult\Videos,3000,file,Videos
ny.mp4,C:\Users\homei\OneDrive\Рабочий стол\DeepPythonLection\rezult\Videos,1686,file,Videos
pFAG.avi,C:\Users\homei\OneDrive\Рабочий стол\DeepPythonLection\rezult\Videos,1246,file,Videos
RqgF.avi,C:\Users\homei\OneDrive\Рабочий стол\DeepPythonLection\rezult\Videos,3592,file,Videos
tl.avi,C:\Users\homei\OneDrive\Рабочий стол\DeepPythonLection\rezult\Videos,923,file,Videos
UV.mp4,C:\Users\homei\OneDrive\Рабочий стол\DeepPythonLection\rezult\Videos,2243,file,Videos
xL.mp4,C:\Users\homei\OneDrive\Рабочий стол\DeepPythonLection\rezult\Videos,1679,file,Videos
yBM.avi,C:\Users\homei\OneDrive\Рабочий стол\DeepPythonLection\rezult\Videos,2497,file,Videos
yBTk.mp4,C:\Users\homei\OneDrive\Рабочий стол\DeepPythonLection\rezult\Videos,2809,file,Videos
YJwkm.avi,C:\Users\homei\OneDrive\Рабочий стол\DeepPythonLection\rezult\Videos,807,file,Videos
ZBu.mpeg,C:\Users\homei\OneDrive\Рабочий стол\DeepPythonLection\rezult\Videos,1622,file,Videos
ZoFcS.avi,C:\Users\homei\OneDrive\Рабочий стол\DeepPythonLection\rezult\Videos,3208,file,Videos
